sequence,Position_1,Position_2,Position_3,Position_4,Position_5,Position_6,Position_7,Position_8,Position_9,Position_10,Position_11,Position_12,Position_13,Position_14,Position_15,Position_16,Position_17,Position_18,Position_19,Position_20,Position_21
sequence_0,0.003281691670417697,0.012198588252067544,0.019246625900268488,0.01719776540994644,0.01828418225049966,-0.010948431491851873,0.0765892654657363,0.06980514004826543,0.013892501592636108,0.05707214474678035,0.012647025287151337,0.07307972013950348,-0.027121695876121565,0.040573480725288324,0.02331503331661222,0.07585175335407257,0.010631337761878967,0.01977653205394736,0.012780985236167886,0.012768837809562616,0.0014042586088179876
sequence_1,0.009026706218719482,0.0194210827350616,0.04339312314987187,0.024533897638320923,-0.029123610258102395,-0.010218077898025535,0.03992649614810939,0.049754753708839417,0.12159548699855804,-0.0398955702781677,0.15272580087184906,0.1903357356786728,0.33425431326031685,-0.058715072274208024,0.0036603778600692305,-0.018975442647933938,0.02280818819999697,0.0317265599966049,0.021640968322753862,0.005061963200569175,0.0064907610416412576
sequence_2,0.004544165357947355,0.010742253065109258,0.0038719892501831166,0.013177654892206209,0.03183381520211698,0.03111869096755983,0.01019848249852659,-0.016486666724085802,-0.07772735618054866,-0.1681226078420877,-0.09925080202519893,-0.09253541715443134,0.028421725705266007,-0.019364444911479928,-0.00688592195510862,0.018724133446812646,0.01679415367543699,0.00904530324041844,0.0016729973256588149,0.00400412976741793,-0.0010365985333919414
