sequence,Position_1,Position_2,Position_3,Position_4,Position_5,Position_6,Position_7,Position_8,Position_9,Position_10,Position_11,Position_12,Position_13,Position_14,Position_15,Position_16,Position_17,Position_18,Position_19,Position_20,Position_21
sequence_0,-0.015380463004112221,0.006407845020294234,0.12967877089977264,0.15792627334594733,0.03860306441783912,0.13058730959892273,0.3057672217488289,0.2826012432575226,0.061711528897285484,0.10822294354438788,0.040856757760047935,-0.010407736897468545,-0.012489563226699807,0.06183156967163095,0.19926604479551324,0.1326841831207276,0.1255454152822495,0.08539615273475654,0.03161690235137948,-0.0018924355506896307,0.0019732624292374545
sequence_1,0.016030319035053253,0.10770620703697203,0.21128005683422085,0.14899438470602033,0.11386202871799467,0.22597481459379193,0.015977314114570595,0.33608835265040393,0.034204401075839996,-0.003257068991661116,0.07419371604919434,0.0761309683322906,0.22387174144387245,-0.14794971346855168,0.013063618540763877,0.07908385097980497,0.0312174811959266,0.23514249026775358,0.14235818833112712,-0.056803098320960976,-0.020004162192344688
sequence_2,0.04307323992252343,0.1194277614355087,0.1900601357221603,0.3044602811336517,0.4972848497331142,0.2951479464769363,0.1431778073310852,0.02131746411323543,0.3841052487492561,0.11196035146713257,0.049800303578376726,-0.03810775876045236,0.05415951013565057,0.08700552880764001,0.34059927910566323,0.15555200874805442,0.10987049639225,0.043720269203185946,0.10017924606800077,0.08389357328414915,-0.01975124478340151
