sequence,Position_1,Position_2,Position_3,Position_4,Position_5,Position_6,Position_7,Position_8,Position_9,Position_10,Position_11,Position_12,Position_13,Position_14,Position_15,Position_16,Position_17,Position_18,Position_19,Position_20,Position_21
sequence_0,0.0002625405788422297,-0.0017198562622070535,0.0037682950496673584,0.009863108396530151,0.01774834990501406,0.014418995380401589,0.05110220909118657,0.04316358566284184,0.06588492989540107,0.014670675992965676,-0.0031316161155700017,-0.007321447134017944,0.05942070484161377,0.06226667165756228,0.013509184122085571,0.17052190303802495,0.35105448961257935,0.5061379663646222,0.0514243662357331,0.01664107441902163,0.0007211863994598389
sequence_1,0.015396189689636186,0.020800232887268066,0.041791987419128374,0.044428443908691384,0.04414448738098142,0.0035909414291381836,0.1888206928968429,0.12713806033134456,0.2793381065130234,0.15225083231925962,0.4779101140797138,0.7099264726042747,0.47692312151193617,0.04533733129501338,-0.0005410790443420854,-0.008830052614212103,0.06644399762153619,0.050771564245224,0.08314990997314453,-0.016772127151489347,0.0177101612091064
sequence_2,0.009058935381472094,0.003054704330861552,-0.03299927879124881,0.030109200812876213,0.0327549023553729,0.07346047889441251,0.024925622902810557,0.026203983649611462,-0.01620120499283076,-0.03900461103767158,-0.04977350104600192,0.09242926482111215,-0.04634535852819682,0.059120841836556776,0.05861783288419245,0.013362174481153483,0.05106878355145453,0.014143443852663029,0.03768326453864573,0.022924115136265744,-0.00627368688583374
